Name,Latitude,Longitude,State,Country,Operational Status
Fort Campbell TN,36.596494345,-87.599046902,Tennessee,United States,Active
Arlington National Cemetery,38.8778215838,-77.0690379263,Virginia,United States,Active
Fort McCoy,44.0335308735,-90.6765636531,Wisconsin,United States,Active
Fort Lesley J McNair,38.8671698257,-77.016494005,District of Columbia,United States,Active
Helemano Military Reservation,21.5359637869,-158.019432628,Hawaii,United States,Active
USA Field Station Kunia,21.4768147455,-158.052424245,Hawaii,United States,Active
Twentynine Palms,34.461945779,-116.210925972,California,United States,Active
MCB Quantico,38.5520544383,-77.4571616476,Virginia,United States,Active
St Juliens Creek East,36.7879489259,-76.3101638082,Virginia,United States,Active
Elizabeth Rvr Channel,36.8663757991,-76.3318847593,Virginia,United States,Active
Naval Support Activity Wash,38.8740586335,-76.9950963249,District of Columbia,United States,Active
Naval Support Activity Panama City,30.1726207717,-85.7522787123,Florida,United States,Active
Nellis Annex,36.2384449698,-115.135834801,Nevada,United States,Active
JB Andrews,38.8051681105,-76.8744692983,Maryland,United States,Active
Schriever AFB,38.8058114757,-104.519907537,Colorado,United States,Active
Charleston Defense Fuel Support Point,32.9127968927,-79.983267572,South Carolina,United States,Active
Joint Base Charleston Short Stay,33.2559459604,-79.9889000764,South Carolina,United States,Active
Maxwell AFB Gunter Annex,32.4070003775,-86.2462388765,Alabama,United States,Active
Alpena County Regional Airport,45.0843936284,-83.5700561745,Michigan,United States,Active
Forbes Field ANG,38.9609025845,-95.681207501,Kansas,United States,Active
Kingsley Field Cantonement Site 1,42.1604107875,-121.744216355,Oregon,United States,Active
Nashville IAP,36.1109974019,-86.6749742271,Tennessee,United States,Active
NG Fort Worth - Shoreview,32.778187703,-97.458544842,Texas,United States,Active
NG Muscatatuck Urban Training Center,39.0513458097,-85.5247386919,Indiana,United States,Active
NG MTA Ft Wm Henry Harrison,46.626145715,-112.146444058,Montana,United States,Active
NG Ayer,42.5489411722,-71.584497782,Massachusetts,United States,Active
NG Macon TS,39.6732925118,-92.5020276292,Missouri,United States,Active
NG Johnson City Gray,36.4213309591,-82.4887633022,Tennessee,United States,Active
NG Muskogee AFRC,35.6603704603,-95.3735309528,Oklahoma,United States,Active
NG Fort Pickett ARNG MTC,37.0367527263,-77.9093172808,Virginia,United States,Active
NOLF Choctaw,30.5064032466,-86.9567087641,Florida,United States,Active
NOLF Evergreen,31.4156644398,-87.0439393588,Alabama,United States,Active
NAWS China Lake,35.9342694303,-117.643911309,California,United States,Active
Fort Hood,31.2156853581,-97.7370319242,Texas,United States,Active
Air Force Plant 6,33.922334237,-84.5270544482,Georgia,United States,Active
Subase Kings Bay GA,30.7934587256,-81.5333259382,Georgia,United States,Active
NAS Fallon NV,39.4222968339,-118.704557143,Nevada,United States,Active
Military Ocean Terminal Concord,38.0513971399,-122.018795364,California,United States,Active
Fort Campbell KY,36.6697817061,-87.6718272017,Kentucky,United States,Active
Rock Island Arsenal,41.5170748739,-90.5411561301,Illinois,United States,Active
Jacksonville FL Maint,30.405301276,-81.6216735389,Florida,United States,Active
Puuloa-Oahu,21.3182154989,-157.988054568,Hawaii,United States,Active
Fort Adams RI,41.4753432866,-71.3399358753,Rhode Island,United States,Active
NAVSTA Mayport FL,30.3815861854,-81.4248272955,Florida,United States,Active
NAS Corpus Christi TX,27.6924886772,-97.2793198862,Texas,United States,Active
Hurlburt Field,30.4291906458,-86.6987100281,Florida,United States,Active
Minn-St Paul,44.892490313,-93.2071583527,Minnesota,United States,Active
Vandenberg Main Base,34.7135727132,-120.55814563,California,United States,Active
Will Rogers World Airport,35.4076597475,-97.611671339,Oklahoma,United States,Active
NG MTCH Camp Guernsey,42.3382282871,-104.809449137,Wyoming,United States,Active
NG Fort Chaffee MTC,35.2565207847,-94.1634392414,Arkansas,United States,Active
NG MTA Camp Shelby,31.0902463593,-89.0068676906,Mississippi,United States,Active
NG Picacho Aviation TS,32.6629164638,-111.488032827,Arizona,United States,Active
NG MTA Camp Edwards,41.7003516585,-70.5448394116,Massachusetts,United States,Active
NG MTA Camp Fretterd,39.4979931517,-76.8456986902,Maryland,United States,Active
NALF Goliad,28.6111807311,-97.6121549462,Texas,United States,Active
Naval Hospital,24.5688912079,-81.7508073951,Florida,United States,Active
Gambrills,39.0567083217,-76.6762764474,Maryland,United States,Active
NAVACAD North Severn,38.9898516944,-76.4624264305,Maryland,United States,Active
Navy Annex,36.5916541246,-121.860796344,California,United States,Active
Potts Tank Farm,13.5867244468,144.862277501,Guam,Guam,Active
Stump Neck Area,38.5491137312,-77.2131682728,Maryland,United States,Active
Keesler AFB,30.4078255445,-88.9216855143,Mississippi,United States,Active
Shipyard Puget Sound,47.5591924008,-122.635482091,Washington,United States,Active
Kawaihae Mil Reserve,20.0318843522,-155.829966763,Hawaii,United States,Active
Fort Belvoir,38.7084767137,-77.1565160328,Virginia,United States,Active
Naval Support Activity Crane,38.8411900749,-86.8124514998,Indiana,United States,Active
Naval Magazine,13.3594268458,144.692281863,Guam,Guam,Active
Tinker AFB,35.4191853794,-97.3929293521,Oklahoma,United States,Active
Ellsworth AFB Site 2,44.1331953443,-103.090999951,South Dakota,United States,Active
Homestead ARB,25.4944981242,-80.3914944068,Florida,United States,Active
Lackland Training Annex,29.3687556968,-98.6650123488,Texas,United States,Active
Yukon Weapons Range,64.768242806,-146.889492296,Alaska,United States,Active
Jacksonville IAP,30.4863923135,-81.7054402836,Florida,United States,Active
Site 1 Cantonement Area,40.8116650292,-82.5179560357,Ohio,United States,Active
Martin State Airport,39.3317978625,-76.4150756624,Maryland,United States,Active
Salt Lake City IAP,40.7896351662,-111.956659778,Utah,United States,Active
NG Carville Gillis Long Center,30.2011201324,-91.1289504931,Louisiana,United States,Active
NG Springfield AVCRAD (New),37.2532754828,-93.3909578934,Missouri,United States,Active
NG Alcantra Armory Complex,61.6030503345,-149.37484979,Alaska,United States,Active
NG Camp Adair Corvallis,44.714336076,-123.270695898,Oregon,United States,Active
NG Kalaeloa,21.3189917251,-158.062484829,Hawaii,United States,Active
Aiea,21.3735152684,-157.937987691,Hawaii,United States,Active
Ewa,21.3388777428,-157.995139279,Hawaii,United States,Active
Sewage Evaporation Pond,36.243764679,-119.883529044,California,United States,Active
Moody AFB,30.9725276772,-83.1646930406,Georgia,United States,Active
Brown 4b Stagefield AL,31.3863190917,-85.9722716491,Alabama,United States,Active
Toth Stagefield AL,31.2285844723,-85.5587094717,Alabama,United States,Active
Schofield Barracks Military Reservation,21.4956034912,-158.053239766,Hawaii,United States,Active
Fort Hamilton,40.6089967598,-74.0294500589,New York,United States,Active
Iowa AAP,40.7920025926,-91.2456158021,Iowa,United States,Active
ALF Bogue,34.69285056,-77.0286825557,North Carolina,United States,Active
Naval Weapons Station Earle NJ,40.253857198,-74.1608483411,New Jersey,United States,Active
NAVSUPPACT Hampton Roads VA,36.9250152893,-76.2996109684,Virginia,United States,Active
Det Philadelphia PA,40.0413030722,-75.094581272,Pennsylvania,United States,Active
NAVBASE Guam,13.4286325755,144.653464077,Guam,Guam,Active
NAS Meridian MS,32.5531914123,-88.5695131272,Mississippi,United States,Active
NAVSUPPACT Midsouth Memphis TN,35.3314242265,-89.8707837951,Tennessee,United States,Active
Eglin AFB (Eglin Main and Reservation),30.5759376196,-86.5283733486,Florida,United States,Active
Bradley IAP,41.9349940506,-72.7012504094,Connecticut,United States,Active
New Castle Airport,39.6865096946,-75.5975562186,Delaware,United States,Active
Pease ANGB,43.0890854907,-70.8187307657,New Hampshire,United States,Active
Savannah/Hilton Head IAP,32.1264203859,-81.1897565604,Georgia,United States,Active
MacDill AFB,27.8436083654,-82.5010227484,Florida,United States,Active
NG TS Clark Natl Forest Wapp,36.8915192187,-90.2799665184,Missouri,United States,Active
NG Rosemount NG Armory,44.7477484831,-93.1276054375,Minnesota,United States,Active
Holtville Carrier LS,32.8385569471,-115.258177991,California,United States,Active
West Bank,29.9488308912,-90.0328996808,Louisiana,United States,Active
NOLF Summerdale,30.5080389773,-87.6471946322,Alabama,United States,Active
Santa Rosa Parcel B,13.5358626798,144.914804435,Guam,Guam,Active
Sheppard AFB,33.984552387,-98.4996936818,Texas,United States,Active
OLF Coupeville,48.1896005828,-122.632442292,Washington,United States,Active
Mountain Home AFB,43.0489402334,-115.865880301,Idaho,United States,Active
Beale AFB,39.121056975,-121.395465168,California,United States,Active
MCB Camp Lejeune (East Site),34.6433579946,-77.3051040489,North Carolina,United States,Active
Patrick AFB,28.233869335,-80.6080075194,Florida,United States,Active
Goldberg Stagefield AL,31.4151605009,-85.4634025079,Alabama,United States,Active
Wheeler Army Airfield,21.4754122511,-158.035536784,Hawaii,United States,Active
Milan AAP,35.8738381813,-88.7061284354,Tennessee,United States,Active
Longhorn AAP,32.6750303069,-94.133877757,Texas,United States,Inactive
Camp Frank D Merrill,34.7104639208,-84.1658763605,Georgia,United States,Active
Allegany Ballistics Lab,39.5492530381,-78.8457345414,West Virginia,United States,Active
Nimitz Hill,13.4658622049,144.723204156,Guam,Guam,Active
White Bluff,47.7027134391,-117.577508532,Washington,United States,Active
The Barry M Goldwater Air Force Range,32.64061507,-113.055868336,Arizona,United States,Active
NG Hammond Airport,30.5230982285,-90.412182537,Louisiana,United States,Active
NG MTA Clarks Hill Reservation,33.7944394521,-82.2777706272,South Carolina,United States,Active
NG Lane County AFRC FMS 5,44.065667942,-122.977783398,Oregon,United States,Active
NG Bog Brook Training Site,44.3965120263,-70.9365409929,Maine,United States,Active
San Pedro Fuel Depot,33.7730532491,-118.301027333,California,United States,Active
Target 101 Shade Tree,32.9489566811,-115.750656601,California,United States,Active
Ramey AF Solar Observatory Research Site,18.5094327133,-67.0991288097,Puerto Rico,Puerto Rico,Active
Nellis Air Force Range,37.3063972082,-116.198549994,Nevada,United States,Active
Tac X Stagefield AL,31.122537386,-85.9790965172,Alabama,United States,Active
Fort Lewis,47.0544740533,-122.552700903,Washington,United States,Active
Hunter Army Airfield,32.0096565094,-81.1535601851,Georgia,United States,Active
Green River Test Complex UT,38.9584020247,-110.096989229,Utah,United States,Inactive
Apra Heights,13.4015824973,144.67867992,Guam,Guam,Active
Andy South,13.5080101985,144.865759041,Guam,Guam,Active
Marysville WA,48.1237034582,-122.171056043,Washington,United States,Active
Laughlin AFB Aux 1,29.1183865271,-100.47229345,Texas,United States,Active
Joint Base Charleston Naval Weapons Station,32.9629279333,-79.9635724771,South Carolina,United States,Active
Luke Waste Annex,33.538406301,-112.321762273,Arizona,United States,Active
Great Falls IAP,47.4765456036,-111.364979591,Montana,United States,Active
Hector IAP,46.913722408,-96.8044644308,North Dakota,United States,Active
Stewart IAP,41.501405282,-74.0843453548,New York,United States,Active
Burlington IAP,44.4744278549,-73.1478968168,Vermont,United States,Active
Canyon Lake Recreation Annex,29.8846193966,-98.2193812601,Texas,United States,Active
NG Camp Dodge Johnston TS,41.81021516,-93.7813025881,Iowa,United States,Active
NG Fort Indiantown Gap,40.4359467182,-76.6296904585,Pennsylvania,United States,Active
NG Fort Wolters,32.8648656985,-98.0295707976,Texas,United States,Active
NG Beauregard Training Range,31.4394196846,-92.2955559116,Louisiana,United States,Active
NG ITC Camp San Luis Obisbo,35.3391521049,-120.703075007,California,United States,Active
NG Ft Allen Rq 177,18.0130410519,-66.5056515785,Puerto Rico,Puerto Rico,Active
NG TS Ethan Allen Range,44.4717265822,-72.896538843,Vermont,United States,Active
NG Gulfport AVCRAD,30.4161868882,-89.062874432,Mississippi,United States,Active
NG Camp Swift,30.2616699455,-97.2945537016,Texas,United States,Active
JBAB Anacostia Bolling,38.8448751542,-77.0147335466,District of Columbia,United States,Active
Honolulu,21.3462993357,-157.922047733,Hawaii,United States,Active
NAS JRB New Orleans LA,29.8313631946,-90.0208667897,Louisiana,United States,Active
NOLF Spencer,30.6253166375,-87.1398275231,Florida,United States,Active
NOTU Cape Canaveral,28.4282639805,-80.588426762,Florida,United States,Active
NAVWPNSYSTRAFAC Boardman,45.72074181,-119.687435193,Oregon,United States,Active
NAVSTA Everett WA,47.9883156828,-122.223175004,Washington,United States,Active
NAS Whidbey Island WA,48.3386378202,-122.661500903,Washington,United States,Active
Redstone Arsenal,34.6328507804,-86.6571701025,Alabama,United States,Active
Fort Huachuca,31.567419034,-110.329649033,Arizona,United States,Active
Cairns Basefield AL,31.2786073023,-85.7149945144,Alabama,United States,Active
Runkle Stagefield AL,31.3403853788,-86.091887871,Alabama,United States,Active
Aliamanu Military Reservation,21.3618785619,-157.911388913,Hawaii,United States,Active
Dillingham Mil Res,21.5762316637,-158.198775803,Hawaii,United States,Active
Def Gen Supply Center,37.4187717327,-77.447528995,Virginia,United States,Active
Fort Benning AL,32.2838712304,-84.9548431105,Alabama,United States,Active
TBR Main,31.5484913702,-81.6199877022,Georgia,United States,Active
Syracuse MCRC,43.1001011135,-76.1210991111,New York,United States,Active
Tinker Support Annex,35.4036965841,-97.3603027818,Oklahoma,United States,Active
Fort Fisher Recreation Site,33.9811703229,-77.9164586721,North Carolina,United States,Active
Barksdale AFB,32.5002809582,-93.5999413403,Louisiana,United States,Active
Cannon AFB,34.3840149372,-103.321106281,New Mexico,United States,Active
Cannon AFB Site 2,34.4091917117,-103.328244295,New Mexico,United States,Active
Luke Air Force Auxiliary Field No 1,33.7159742765,-112.527923384,Arizona,United States,Active
Gulfport-Biloxi Regional Airport (ANG),30.4107264037,-89.0612086467,Mississippi,United States,Active
NG Auburn Training Site,44.0862933486,-70.2827983551,Maine,United States,Active
NG Bangor Training Site,44.8095482939,-68.8333959892,Maine,United States,Active
NG Santa Fe - Onate Complex TS,35.5697139671,-106.081041964,New Mexico,United States,Active
NG TS BBTS,38.5475743328,-75.0633012841,Delaware,United States,Active
NG Camp Murray,47.1167164937,-122.56884003,Washington,United States,Active
NG Williamstown,39.3531258872,-81.4421100584,West Virginia,United States,Active
NG Camp Mabry,30.3186106075,-97.7615720588,Texas,United States,Active
NG Mitchell Complex,43.7618744147,-98.0438934226,South Dakota,United States,Active
Imperial Beach NOLF,32.5624031522,-117.112009859,California,United States,Active
NAS Lemoore CA,36.3191796478,-119.93398605,California,United States,Active
Harbor Drive,32.7246963035,-117.218431918,California,United States,Active
NGA Arnold Site,38.4161872655,-90.3986079959,Missouri,United States,Active
Nellis AFB,36.2692051709,-114.98483901,Nevada,United States,Active
Naval Base Kitsap Bremerton WA,47.5555933853,-122.652356505,Washington,United States,Active
Fort Lee,37.2494396184,-77.3347277202,Virginia,United States,Active
Us Army Joint Sys Mfg CtrLima,40.6996401966,-84.1328894032,Ohio,United States,Active
Grand Prairie Reserve Complex,32.7399583948,-96.9564403611,Texas,United States,Active
Kipapa Ammo Storage Site,21.4396274449,-158.003109942,Hawaii,United States,Inactive
NAVSTA Norfolk VA,36.9433080035,-76.3015136921,Virginia,United States,Active
Webster Field,38.145841636,-76.4278909867,Maryland,United States,Active
Point Arena Air Force Station,38.891840042,-123.546579136,California,United States,Inactive
Dobbins ARB,33.9174086513,-84.5192362187,Georgia,United States,Active
Columbus AFB,33.6413120873,-88.4511187521,Mississippi,United States,Active
Bangor IAP,44.8175673815,-68.8298013821,Maine,United States,Active
McGhee Tyson Airport,35.8114939421,-84.0036709533,Tennessee,United States,Active
Gen Mitchell IAP,42.9410456217,-87.8879842837,Wisconsin,United States,Active
W K Kellogg,42.3152607726,-85.2517650226,Michigan,United States,Active
NG Stones Ranch Military Res,41.365115238,-72.2719883265,Connecticut,United States,Active
NG Jackson Bks,29.9610820259,-90.0054600369,Louisiana,United States,Active
NG Shelbyville,39.5789596414,-85.8110236465,Indiana,United States,Active
NG Camp Ravenna Joint Military Training Center,41.1971787101,-81.0848343174,Ohio,United States,Active
NG Rochester NGA and OMS 2,43.9969533709,-92.431667564,Minnesota,United States,Active
NG Youngstown Tng Site,43.2374990056,-78.9726913885,New York,United States,Active
NG Ethan Allen AFB MTA,44.5098902146,-73.1635564756,Vermont,United States,Active
NG Camp Rapid,44.0801387023,-103.266957925,South Dakota,United States,Active
Kamokala Ridge,22.0390260692,-159.754233043,Hawaii,United States,Active
JBPHH Pearl Harbor HI,21.3365657616,-157.947911019,Hawaii,United States,Active
Vieques West PR,18.0962543996,-65.5122515814,Puerto Rico,Puerto Rico,Active
Trumbo Point Annex,24.564687961,-81.7912167283,Florida,United States,Active
Santa Cruz Island,33.9949571838,-119.633496836,California,United States,Active
Tumon Tank Farm,13.517951387,144.811096236,Guam,Guam,Active
Allen Stagefield AL,31.2309993833,-85.6506347178,Alabama,United States,Active
Louisville Stagefield AL,31.8157331822,-85.6497984957,Alabama,United States,Active
White Sands Missile Range NM,33.1594636742,-106.425696182,New Mexico,United States,Active
Fort Monroe,37.0130203962,-76.3043760544,Virginia,United States,Inactive
MCB Camp Smith,21.3866284869,-157.905641308,Hawaii,United States,Active
MC Trng Area Bellows,21.3621462703,-157.718266082,Hawaii,United States,Active
Glenview,42.0917332083,-87.836545042,Illinois,United States,Active
ALF Orange,27.8965304593,-98.0434307225,Texas,United States,Active
McClellan AFB,38.6628404569,-121.403205934,California,United States,Inactive
Saylor Creek Air Force Range,42.7402329675,-115.563336812,Idaho,United States,Active
Laughlin AFB,29.3567318395,-100.782932919,Texas,United States,Active
Buckley AFB,39.7066728959,-104.757676168,Colorado,United States,Active
Tyndall AFB,30.0454712012,-85.5513688862,Florida,United States,Active
Columbus Auxiliary Airfield,32.9398358551,-88.5791426256,Mississippi,United States,Active
Goodfellow AFB,31.4321781557,-100.404389232,Texas,United States,Active
Fort Richardson,61.2656445617,-149.641025468,Alaska,United States,Active
Birch Lake Recreation Annex,64.3175377667,-146.646980929,Alaska,United States,Active
Louisville IAP-Standiford FL Site 1,38.1779889015,-85.7237952525,Kentucky,United States,Active
Kelly AFB,29.3820160313,-98.5645372905,Texas,United States,Active
NG Camp Joseph T Robinson,34.9000362492,-92.3068019391,Arkansas,United States,Active
NG Camp Ashland,41.0800682176,-96.3363620056,Nebraska,United States,Active
NG Bethel ARM FMS,60.7955330346,-161.767465275,Alaska,United States,Inactive
NG GUARNG Barrigada Complex,13.4740733886,144.809884745,Guam,Guam,Active
NG Volkstone,39.4547971565,-79.6692506335,West Virginia,United States,Active
NAVBASE Coronado,32.7000190451,-117.207088939,California,United States,Active
Finegayan South,13.5499832925,144.830853077,Guam,Guam,Active
Grand Forks Defense Fuel Support Point,47.9486816236,-97.0860532381,North Dakota,United States,Active
CSO Barbers Point HI,21.312229301,-158.066092323,Hawaii,United States,Inactive
Fort Bliss,32.26208341,-106.075404444,Texas,United States,Active
Jim Creek,48.1997770937,-121.925681299,Washington,United States,Active
Presidio of Monterey,36.6032534708,-121.912105279,California,United States,Active
Fort Buchanan,18.4127920097,-66.1214794902,Puerto Rico,Puerto Rico,Active
Fire Fighters School,36.9215240082,-76.322723548,Virginia,United States,Active
Magazine Reservoir Naval Magazine,13.3903260139,144.686307577,Guam,Guam,Active
Arnold,35.3646392145,-86.0796716743,Tennessee,United States,Active
Eglin AFB Site 2 Santa Rosa Island,30.394460792,-86.7427418884,Florida,United States,Active
Poinsett Range,33.7961254892,-80.4817960181,South Carolina,United States,Active
Whiteman AFB,38.7299115089,-93.5553845227,Missouri,United States,Active
Niagara Falls,43.1132212142,-78.9500571676,New York,United States,Active
Cusick Survival Training Site,48.4515209628,-117.373850327,Washington,United States,Active
Truax ANGB,43.1306561021,-89.3361064283,Wisconsin,United States,Active
Ellington Field,29.6160801417,-95.1704814148,Texas,United States,Active
Lincoln Map,40.841020615,-96.7538721771,Nebraska,United States,Active
JBSA Sam Houston,29.4595308379,-98.4407138221,Texas,United States,Active
NG McConnelsville Training Site,39.6614390075,-81.8394982857,Ohio,United States,Active
NG St Cloud AASF,45.5390766509,-94.0557892236,Minnesota,United States,Active
NG Camp Pendleton SMR,36.8161399548,-75.9791524396,Virginia,United States,Active
NG Jackson Airport Armory,35.5981462433,-88.9129589106,Tennessee,United States,Active
ALF Cabaniss,27.7013359207,-97.4363492634,Texas,United States,Active
San Nicolas Island,33.2479609439,-119.506113048,California,United States,Active
NAS Whiting Field Milton FL,30.7137475905,-87.0201884489,Florida,United States,Active
Fort Knox,37.9070173886,-85.8831225305,Kentucky,United States,Active
Fort Leonard Wood,37.7054875554,-92.1571252371,Missouri,United States,Active
Fort Rucker AL,31.4040790084,-85.7473894209,Alabama,United States,Active
Detroit Arsenal,42.4973285111,-83.0413341243,Michigan,United States,Active
Fort Greely,63.9667780882,-145.715113744,Alaska,United States,Active
Jefferson Proving Ground,38.9504184947,-85.4176312593,Indiana,United States,Inactive
Riverbank AAP,37.7212275293,-120.919493007,California,United States,Inactive
NSY Portsmouth,43.0813485814,-70.7333351232,Maine,United States,Active
Cape Cod Air Station,41.7536642401,-70.539124869,Massachusetts,United States,Active
Norwalk 2,33.8931849532,-118.070170962,California,United States,Active
Atlantic City IAP,39.4481861918,-74.5814031458,New Jersey,United States,Active
Yeager Airport,38.3731944221,-81.5895194077,West Virginia,United States,Active
NG Atlanta - Confederate Ave,33.7222321357,-84.358887856,Georgia,United States,Active
NG Collegeville FMS 4,40.2146157734,-75.4284194801,Pennsylvania,United States,Active
NG Buckeye TS,33.4645500341,-112.601760483,Arizona,United States,Active
NG Oglethorpe Armory,33.6173832012,-84.309923744,Georgia,United States,Active
NG River Road Training Site,39.6334303612,-75.6070696877,Delaware,United States,Active
NG Edgemeade TS Mtn Home,43.1442443568,-115.652542493,Idaho,United States,Active
NG Norman CSMS,35.2643197322,-97.480057288,Oklahoma,United States,Active
NG Westminster Training Site,43.0858827247,-72.4513120197,Vermont,United States,Active
NG VTS Catoosa,34.9312156533,-85.0590610783,Georgia,United States,Active
NG VTS Smyrna,36.0180985881,-86.5036120259,Tennessee,United States,Active
NG Saint George/FMS 5B,37.0337681833,-113.547140891,Utah,United States,Active
NAF El Centro,32.8253936819,-115.668153219,California,United States,Active
OLF Whitehouse,30.3562317642,-81.8711131789,Florida,United States,Active
Naval Support Activity Orlando,28.5841677574,-81.1967624389,Florida,United States,Active
George AFB,34.5852155946,-117.373249538,California,United States,Inactive
NSA South Potomac,38.3398584637,-77.0325546791,Virginia,United States,Active
Grand Forks AFB,47.9545695614,-97.3916932722,North Dakota,United States,Active
Ozol Defense Fuel Support Point,38.0259039103,-122.16702561,California,United States,Active
Fort Hunter Liggett,35.9554065709,-121.253769516,California,United States,Active
Fort Riley,39.1866803598,-96.8208663239,Kansas,United States,Active
Stinson 5AB Stagefield AL,31.359582043,-86.0139459687,Alabama,United States,Active
Dugway Proving Ground,40.1545151653,-113.284084389,Utah,United States,Active
Rivanna Station,38.1554946642,-78.4136946349,Virginia,United States,Active
Fort Drum,44.1248120384,-75.5920674235,New York,United States,Active
US Army Soldier Systems Center Natick,42.2895101722,-71.3633494213,Massachusetts,United States,Active
Lone Star AAP (BRAC 2005),33.402984165,-94.2554165694,Texas,United States,Inactive
Rocky Mountain Arsenal,39.8434493746,-104.839363783,Colorado,United States,Inactive
Yermo Area,34.8905585366,-116.870241242,California,United States,Active
Craney Island,36.8887856719,-76.3605553448,Virginia,United States,Active
Naval Weapons Station Yorktown,37.2448033923,-76.5855659537,Virginia,United States,Active
JEBLCFS East,36.9231148685,-76.0174690076,Virginia,United States,Active
Creech AFB,36.6512553805,-115.640007706,Nevada,United States,Active
Malmstrom AFB,47.5059106291,-111.182777387,Montana,United States,Active
Minot AFB,48.4210623214,-101.338350153,North Dakota,United States,Active
USAF Academy,38.9946516318,-104.857157781,Colorado,United States,Active
Isabela Puerto Rico,18.4637645502,-67.0658346043,Puerto Rico,Puerto Rico,Active
Little Rock AFB,34.9040005265,-92.1384692754,Arkansas,United States,Active
Bellows,21.3636803488,-157.710220122,Hawaii,United States,Active
Luke AFB,33.5362891829,-112.374183665,Arizona,United States,Active
Jackson IAP Thompson Field,32.3244710273,-90.0826770417,Mississippi,United States,Active
Otis ANG Base,41.6461510573,-70.5337300198,Massachusetts,United States,Active
Rickenbacker,39.8128368963,-82.9437124972,Ohio,United States,Active
Selfridge ANGB,42.6124987986,-82.8324160105,Michigan,United States,Active
Volk ANGB,43.9362601246,-90.2543423584,Wisconsin,United States,Active
Duluth IAP,46.8449538206,-92.172128284,Minnesota,United States,Active
Toledo/Exp Airport,41.5865259257,-83.7919651408,Ohio,United States,Active
NG Camp Niantic,41.3313986668,-72.1879440898,Connecticut,United States,Active
NG Pelham Range Training Site - Fort McClellan,33.7179613001,-85.9502653692,Alabama,United States,Active
NG MTC-H Camp Roberts,35.781595342,-120.780040594,California,United States,Active
NG St Cloud NG Armory,45.5648760428,-94.1774187425,Minnesota,United States,Active
NG Baton Rouge AFRC,30.3578247818,-91.1408358591,Louisiana,United States,Active
NG Camp Grafton,47.7711996949,-98.7161638156,North Dakota,United States,Active
NG Spring City Readiness Center,40.1899589793,-75.5558107769,Pennsylvania,United States,Active
NG MTA Gunpowder Military Reservation,39.4323773898,-76.5050135446,Maryland,United States,Active
NG Sioux Falls Benson Rd Complex,43.5892992575,-96.6754244833,South Dakota,United States,Active
Pearl City,21.3813432543,-157.974037315,Hawaii,United States,Active
Marbo,13.4890012867,144.86534429,Guam,Guam,Active
Edwards AFB,34.8902967213,-117.848771224,California,United States,Active
Naval Observatory,38.9214186847,-77.0670325804,District of Columbia,United States,Active
Umatilla Chemical Depot,45.8426458207,-119.437655677,Oregon,United States,Active
Defense Supply Center Columbus,39.9796100871,-82.8985258467,Ohio,United States,Active
US Army Garrison Selfridge,42.6609659498,-82.8128744872,Michigan,United States,Active
Fort Wingate Depot Activity,35.4623986207,-108.598242168,New Mexico,United States,Inactive
Pupukea Paalaa Uka Mil Road,19.9692428627,-155.719658833,Hawaii,United States,Active
MCRD Beaufort,32.337579472,-80.69617786,South Carolina,United States,Active
Marine Corps Museum,38.5203611824,-77.3647271918,Virginia,United States,Active
Det Phil Pny Annex,39.8917550243,-75.1787438843,Pennsylvania,United States,Active
Naval Station Newport RI,41.535278318,-71.3096354954,Rhode Island,United States,Active
Sasa Valley,13.4489097645,144.699606632,Guam,Guam,Active
Utah Test and Training Range South UT,40.4970086744,-113.563257825,Utah,United States,Active
Hill AFB,41.128082376,-111.991247141,Utah,United States,Active
Youngstown,41.2673838021,-80.6786812118,Ohio,United States,Active
Travis AFB,38.2645314897,-121.942797537,California,United States,Active
The Farish Memorial Recreational Annex,38.9991596818,-104.999644284,Colorado,United States,Active
Grissom ARB,40.6539758948,-86.1518428016,Indiana,United States,Active
Pillar Point AFS,37.4989475163,-122.498033406,California,United States,Active
Maxwell AFB,32.3830076533,-86.356311322,Alabama,United States,Active
Eielson AFB,64.6741086836,-147.060214201,Alaska,United States,Active
Francis S Gabreski Airport,40.8369889702,-72.6434132546,New York,United States,Active
Quonset State Airport,41.5969299432,-71.4184961614,Rhode Island,United States,Active
NG Beightler Armory,40.0892143305,-83.0674428948,Ohio,United States,Active
NG Elkins AFRC,38.9545040967,-79.9791154099,West Virginia,United States,Active
NG Anthony Cometa Complex,36.0173819633,-115.200674517,Nevada,United States,Active
NG TS Camp Johnson,44.4996364569,-73.1646298114,Vermont,United States,Active
Amphib Base Coronado East,32.6678869196,-117.157059858,California,United States,Active
Warner Springs Rts,33.3401617984,-116.68138499,California,United States,Active
Carlisle Barracks,40.2073636557,-77.1688037409,Pennsylvania,United States,Active
Peterson AFB,38.822867706,-104.696062064,Colorado,United States,Active
Tooele Army Depot,40.5270428347,-112.411357721,Utah,United States,Active
Fort Sill,34.6822588176,-98.4834145201,Oklahoma,United States,Active
Fort Benning GA,32.3999496616,-84.8006217989,Georgia,United States,Active
Red River Army Depot,33.4337413314,-94.3556715243,Texas,United States,Active
Fort Monmouth Main Post,40.3070528778,-74.0583806661,New Jersey,United States,Inactive
Destin Moreno Point,30.4110996281,-86.4989034217,Florida,United States,Active
MCSF Blount Island (FL),30.4013274303,-81.5250231825,Florida,United States,Active
Brooklyn NY,40.5814831188,-73.8816296342,New York,United States,Active
Northwest Chesapeake VA,36.5590985515,-76.2674854841,Virginia,United States,Active
Naval Research Lab,38.8240416139,-77.0233529625,District of Columbia,United States,Active
FLC Fuel Depot Heckscher,30.4001829676,-81.6274334623,Florida,United States,Active
OLF Bravo,32.7964731631,-88.8318661019,Mississippi,United States,Active
Eglin Air Force Auxiliary Field 6,30.6317649852,-86.7409720552,Florida,United States,Active
Fort Eustis,37.1322038995,-76.5886922923,Virginia,United States,Active
Pittsburgh IAP (ARS),40.4935734315,-80.2110502515,Pennsylvania,United States,Active
NG MTA Camp Clark Nevada,37.8202969363,-94.2914729598,Missouri,United States,Active
NG Arden Hills Army Training Site,45.0948962078,-93.161098097,Minnesota,United States,Active
NOLF Silverhill,30.5619554651,-87.809337776,Alabama,United States,Active
San Clemente IS NALF,32.9001520087,-118.485233843,California,United States,Active
Long Beach Fuel Complex,33.7420222138,-118.233407436,California,United States,Active
Shaw AFB,33.9748590703,-80.4704194269,South Carolina,United States,Active
Fort A P Hill,38.1180327475,-77.2759052325,Virginia,United States,Active
Tobyhanna Army Depot,41.1975381899,-75.4291099943,Pennsylvania,United States,Active
MCAS Yuma,32.6453966733,-114.602240833,Arizona,United States,Active
NNSY St Helena,36.8255463263,-76.289264919,Virginia,United States,Active
Cheatham Annex,37.2849658658,-76.6194826812,Virginia,United States,Active
JEBLCFS Wallops Island VA,37.8861451185,-75.4686379534,Virginia,United States,Active
GL Camp JPJ,42.3003113359,-87.8539702937,Illinois,United States,Active
NAS Pensacola FL,30.3527067706,-87.3063356676,Florida,United States,Active
Corry Station,30.4028604162,-87.2900851792,Florida,United States,Active
Clear Air Force Station,64.2881605755,-149.190714695,Alaska,United States,Active
Joe Foss Field,43.5732338069,-96.7415313205,South Dakota,United States,Active
Des Moines IAP,41.5443605816,-93.6660689484,Iowa,United States,Active
EWVRA Shepherd Field,39.406011562,-77.9845939323,West Virginia,United States,Active
NG Camp Hartell,41.9420819916,-72.665875741,Connecticut,United States,Active
NG Martindale - AASF,29.4318157845,-98.3795077904,Texas,United States,Active
NG Marseilles (MTA Tng Area),41.286945521,-88.6795863034,Illinois,United States,Active
NG Hollis Plains Training Site,43.6687895015,-70.6637499429,Maine,United States,Active
NG Thunderbird Youth Academy,36.2956939177,-95.2921270779,Oklahoma,United States,Active
NG Fort McClellan ARNG Tng Center,33.7333873334,-85.7878345164,Alabama,United States,Active
NG CTA Camp Mccain,33.7108821376,-89.6859335176,Mississippi,United States,Active
NG Camp Smith Tng Site,41.3118240947,-73.9509046086,New York,United States,Active
Harmon,13.5219204866,144.81563688,Guam,Guam,Active
NAVBASE Point Loma,32.6962020716,-117.245822433,California,United States,Active
NSA Andersen,13.5991888519,144.895032191,Guam,Guam,Active
Dania Beach (Lauderdale),26.0918029314,-80.1100114622,Florida,United States,Active
Anniston Army Depot,33.6531336371,-85.9692368218,Alabama,United States,Active
Fort Carson,38.5587412041,-104.826768506,Colorado,United States,Active
Radford AAP,37.1870774617,-80.5424873564,Virginia,United States,Active
Choc Mt Air Gnry Rng,33.3119495462,-115.309239233,California,United States,Active
Pearl City Annex,21.3835443747,-157.971379541,Hawaii,United States,Active
Yorktown Fuel Depot,37.2159079687,-76.4860419602,Virginia,United States,Active
Waterfront,40.422044168,-74.0704353876,New Jersey,United States,Active
Seymour Johnson AFB,35.3479024962,-77.962577717,North Carolina,United States,Active
Westover ARB,42.1990993962,-72.5364984149,Massachusetts,United States,Active
Eareckson AS,52.721036906,174.107140074,Alaska,United States,Active
Cheyenne Regional Airport,41.1620252547,-104.821289643,Wyoming,United States,Active
Fort Smith Map,35.3414611154,-94.3704265035,Arkansas,United States,Active
Memphis IAP,35.025497959,-89.966549951,Tennessee,United States,Active
Springfield Beckley,39.8490796654,-83.8354791953,Ohio,United States,Active
Birmingham Airport,33.5710203144,-86.7541411026,Alabama,United States,Active
NG Camp Navajo,35.1948003007,-111.850594633,Arizona,United States,Active
NG HMO3 (Snake Creek TS),25.9624299881,-80.3047964814,Florida,United States,Active
NG CTC Fort Custer Trng Center,42.2994261787,-85.3177166165,Michigan,United States,Active
NG West Camp,44.0731899378,-103.30683687,South Dakota,United States,Active
Naval Hospital,13.4739477757,144.740245884,Guam,Guam,Active
Brooks AFB,29.3427718639,-98.4396992143,Texas,United States,Active
Dover AFB,39.1265401339,-75.465256235,Delaware,United States,Active
Fort Gordon,33.3566628083,-82.2372795186,Georgia,United States,Active
Camp Mackall,35.0301022844,-79.4816241675,North Carolina,United States,Active
Indiana Army Ammunition Plant,38.452267261,-85.6060059365,Indiana,United States,Inactive
MCAS Beaufort,32.484834871,-80.7071873496,South Carolina,United States,Active
NAVSUPPACT Norfolk NSY,36.816475644,-76.2994222614,Virginia,United States,Active
Lafayette Rvr Complex,36.9022639632,-76.3023442266,Virginia,United States,Active
Bangor WA,47.7233921483,-122.714839767,Washington,United States,Active
Eglin Air Force Auxiliary Field 3 Duke Fld,30.6490705509,-86.5276912145,Florida,United States,Active
Wright-Patt AFB,39.8174211612,-84.0507057402,Ohio,United States,Active
Lackland AFB,29.38670604,-98.6180831793,Texas,United States,Active
NG Sparta Armory,38.160004736,-89.7239409546,Illinois,United States,Active
NG MTA Camp Crowder Neosho,36.7939679589,-94.3642921962,Missouri,United States,Active
NG Hollidaysburg Readiness Center,40.4394550384,-78.4147910881,Pennsylvania,United States,Active
NG Camp Beauregard,31.3776577083,-92.3866852494,Louisiana,United States,Active
NG Helena Aviation RC- AASF- C12,46.608471557,-111.971041404,Montana,United States,Active
NG Lansing Joint Forces Readiness Center,42.7681480625,-84.5713082578,Michigan,United States,Active
NG Camp Perry Joint Training Center,41.54343955,-83.0221332784,Ohio,United States,Active
NG Oklahoma Military Department,35.5035184926,-97.4701679958,Oklahoma,United States,Active
NG Salina KS Training Center,38.785720474,-97.6388622613,Kansas,United States,Active
NAVOBSSTA Flagstaff AZ,35.1875402981,-111.741594825,Arizona,United States,Active
Target B-16,39.3394330115,-118.880780116,Nevada,United States,Active
Barin Field,30.3910783123,-87.6313191791,Alabama,United States,Active
Old Town Site 1,32.7486743431,-117.197008871,California,United States,Active
Broadway Complex,32.7136561362,-117.172024897,California,United States,Active
Mission Gorge Rec Area,32.8048190699,-117.093958022,California,United States,Active
McGuire,40.0256494173,-74.5801329664,New Jersey,United States,Active
Northside Mid-South,35.3427908944,-89.8597481799,Tennessee,United States,Active
NSWC Carderock Div,35.0872036174,-90.1390498645,Tennessee,United States,Active
Fort Jackson,34.0398329341,-80.8279912711,South Carolina,United States,Active
Fort Polk,31.1583587094,-93.1211074078,Louisiana,United States,Active
Hunt Stagefield AL,31.3801590885,-85.5801110187,Alabama,United States,Active
Fort De Russy,21.2818165031,-157.833889161,Hawaii,United States,Active
Fort Detrick Forest Glen Annex,39.0062532255,-77.0549719287,Maryland,United States,Active
SDA Area,36.9200366625,-76.3166237521,Virginia,United States,Active
Redington Township,44.9888095805,-70.4506315715,Maine,United States,Active
Bratenahl,41.5424613695,-81.6261664945,Ohio,United States,Active
Avon Park AF Range,27.646918201,-81.2767274884,Florida,United States,Active
Langley AFB,37.0855727581,-76.3643682001,Virginia,United States,Active
Charleston AFB,32.8994019151,-80.0503551711,South Carolina,United States,Active
McEntire Joint National Guard Base,33.9228868864,-80.8006861299,South Carolina,United States,Active
Schenectady ANG MAP,42.8521798908,-73.9228087372,New York,United States,Active
Tulsa IAP,36.21702376,-95.8747750984,Oklahoma,United States,Active
Hulman Fld,39.4539927154,-87.294448703,Indiana,United States,Active
McConnell AFB,37.6251905946,-97.2602816317,Kansas,United States,Active
NG Grayling Airfield,44.6816424356,-84.7276786991,Michigan,United States,Active
NG Camp Ripley,46.2108188793,-94.4252675838,Minnesota,United States,Active
NG Knightstown,39.7713454952,-85.5168694395,Indiana,United States,Active
NG Camp Atterbury,39.2975804442,-86.0464169812,Indiana,United States,Active
NG Rio Rancho TS,35.3734788352,-106.652026372,New Mexico,United States,Active
NG Sea Girt NJ NGTC,40.1238242063,-74.0373077638,New Jersey,United States,Active
NG Floyd Edsall Training Center,36.2909200901,-115.041255853,Nevada,United States,Active
NG MTA Camp Santiago,18.0287728142,-66.283607501,Puerto Rico,Puerto Rico,Active
NG TS Keaukaha Mil Res,19.7065531733,-155.038477564,Hawaii,United States,Active
NAS Fort Worth JRB TX,32.7688101038,-97.4336577395,Texas,United States,Active
NOLF Santa Rosa,30.6093001746,-86.9388110937,Florida,United States,Active
Agana,13.473014243,144.764869419,Guam,Guam,Active
Barrigada - NAVBASE Guam,13.4768144414,144.828805596,Guam,Guam,Active
NAVBASE Ventura Cty Point Mugu CA,34.1123267884,-119.110013772,California,United States,Active
NAVSUPPFAC Beaufort SC,32.3890480095,-80.681975435,South Carolina,United States,Active
Chesapeake Bay Detach,38.6584730674,-76.5320162332,Maryland,United States,Active
NAVPMOSSP Mtn View,37.4129145643,-122.028398714,California,United States,Active
Robins AFB,32.6175524438,-83.5815847711,Georgia,United States,Active
Parks Reserve Forces Tng Area,37.7301830972,-121.896604083,California,United States,Active
Highbluff Stagefield AL,31.1507181645,-85.7365895283,Alabama,United States,Active
Kahuku Tng Area,21.6554725925,-157.991699974,Hawaii,United States,Active
Kilauea Mil Reserve,19.4339227624,-155.274146853,Hawaii,United States,Active
W Silver Spring Complex,43.122804331,-87.9772820103,Wisconsin,United States,Active
Defense Distrib Depot Susq,40.2081935416,-76.8392842405,Pennsylvania,United States,Active
Fort Detrick,39.4393426467,-77.4329802888,Maryland,United States,Active
Devens Reserve Forces Tng Area,42.4983892077,-71.6564168902,Massachusetts,United States,Active
Fort Benjamin Harrison,39.8591031687,-86.023591834,Indiana,United States,Inactive
MCAS Miramar,32.8768862606,-117.085904098,California,United States,Active
Gould Island RI,41.537007483,-71.3449081892,Rhode Island,United States,Active
Saufley Field,30.4703563325,-87.341464807,Florida,United States,Active
Dyess AFB,32.4228638826,-99.8391523672,Texas,United States,Active
Vance AFB,36.337985538,-97.9145208117,Oklahoma,United States,Active
Sioux Gateway Airport (ANG),42.3949424324,-96.3728939608,Iowa,United States,Active
General Wayne A Downing Peoria IAP,40.6623266748,-89.7047451161,Illinois,United States,Active
NG Camp Fogarty Tng Site,41.6154323015,-71.4990309697,Rhode Island,United States,Active
NG Bergstrom - (Abia),30.1763045639,-97.6720949612,Texas,United States,Active
NG Biak Training Center COUTES,44.2000240894,-121.116641902,Oregon,United States,Active
NG Nashville,36.0990427201,-86.7588114945,Tennessee,United States,Active
NG Papago Military Reservation,33.4680085999,-111.961734255,Arizona,United States,Active
NG Indianapolis 38 ID,39.7443784632,-86.2281648634,Indiana,United States,Active
NG CTC Camp Dawson-Kingwood,39.4053782409,-79.6650809272,West Virginia,United States,Active
NOLF Brewton,31.0485248017,-87.0645146284,Alabama,United States,Active
Amphib Base Coronado West,32.6713189664,-117.167654101,California,United States,Active
Balboa Hospital,32.7262714976,-117.145036279,California,United States,Active
NAVWPNSTA Seal Beach,33.7504659919,-118.064188826,California,United States,Active
Norco,33.9237676683,-117.569462918,California,United States,Active
Randsburg Wash Area,35.5147864004,-117.141406945,California,United States,Active
Verona Defense Fuel Support Point,43.1269235478,-75.5912449791,New York,United States,Active
F E Warren AFB,41.1707420451,-104.860338183,Wyoming,United States,Active
NARL Barrow Camp Tr1,71.3217290437,-156.647955307,Alaska,United States,Active
Sioux Gateway Airport (ANG),42.3887282099,-96.3753394484,Iowa,United States,Active
Sierra Army Depot,40.209029472,-120.129103152,California,United States,Active
Blue Grass Army Depot,37.6989542636,-84.2174546163,Kentucky,United States,Active
Fort Bragg,35.1362367404,-79.143965339,North Carolina,United States,Active
Seward Recreation Area,60.1333143544,-149.433125482,Alaska,United States,Active
Badger AAP,43.3515729211,-89.7323852075,Wisconsin,United States,Inactive
Fort Gillem,33.6187655232,-84.3426139288,Georgia,United States,Inactive
Fallbrook California,33.3588858097,-117.283210767,California,United States,Active
NAVSUBASE New London CT,41.3995458505,-72.0861454073,Connecticut,United States,Active
"NAVBASE Guam, Naval Magazine",13.3879035827,144.685202104,Guam,Guam,Active
CNI NAVMAG Indian Island,48.0532351447,-122.726218709,Washington,United States,Active
Arbuckle Airfield,27.6521821531,-81.3476629744,Florida,United States,Active
Dare County Range,35.7144803327,-75.8785604539,North Carolina,United States,Active
Melrose Air Force Range,34.2860722856,-103.77946735,New Mexico,United States,Active
Reno Tahoe IAP,39.5001625435,-119.775127354,Nevada,United States,Active
Rosecrans MAP (139AG),39.766575372,-94.9019988102,Missouri,United States,Active
Medical Center Annex,29.4600614664,-98.4165527202,Texas,United States,Active
NG Bismarck RJB Complex,46.8295477141,-100.719944017,North Dakota,United States,Active
NG Esler Field,31.3977339391,-92.2972827063,Louisiana,United States,Active
NG RW Shepherd Hope Hull,32.2871055099,-86.3951588099,Alabama,United States,Active
NG SMD,32.4058257333,-86.2593591085,Alabama,United States,Active
NG MTA Camp Curtis Guil,42.5446993001,-71.0726606178,Massachusetts,United States,Active
NG AASF02 Birmingham,33.571050216,-86.7501493506,Alabama,United States,Active
NG Training Site,43.2778096245,-71.1222205603,New Hampshire,United States,Active
NG Las Cruces,32.276155346,-106.935192899,New Mexico,United States,Active
NG Lincoln AASF/Readiness Center,40.8373288455,-96.7549863317,Nebraska,United States,Active
NG Lexington AASF No 1,35.0265158472,-97.2305536823,Oklahoma,United States,Active
CNIC PMRF Barking Sands HI,22.0626375204,-159.794099033,Hawaii,United States,Active
Ford Island,21.3635799432,-157.960293901,Hawaii,United States,Active
NOLF Holley,30.4250122837,-86.8928585763,Florida,United States,Active
Naval Air Station Patuxent River,38.2810281573,-76.4210830732,Maryland,United States,Active
NSF Indian Head,38.5844840562,-77.1833880777,Maryland,United States,Active
Tooele Army Depot South,40.2968248498,-112.342992649,Utah,United States,Active
Joliet AAP Elwood,41.3575622757,-88.0658655188,Illinois,United States,Inactive
Lake Of The Ozarks Recreation,38.0893373204,-92.6050226881,Missouri,United States,Active
Fort Shafter,21.3459798367,-157.883423329,Hawaii,United States,Active
OLF Atlantic,34.8948517394,-76.3494185567,North Carolina,United States,Active
MCB Camp Pendleton,33.3617631238,-117.423573571,California,United States,Active
Sea Plane Base,48.2942162716,-122.600904083,Washington,United States,Active
Kegelman Air Force Auxiliary Field,36.7367977571,-98.1206530872,Oklahoma,United States,Active
Pittsburgh IAP (ANG),40.4853906277,-80.2128717533,Pennsylvania,United States,Active
Smoky Hill ANG Range,38.698673015,-97.8316970673,Kansas,United States,Active
Seguin Auxiliary Field,29.5647013744,-97.9056493003,Texas,United States,Active
NG Orchard Combat Training Center,43.2274955645,-116.138977329,Idaho,United States,Active
NG Raleigh,35.8091728617,-78.7120731248,North Carolina,United States,Active
NG TS Ike Skelton Jefferson City,38.5515266427,-92.0684326746,Missouri,United States,Active
NG Grand Island AASF/RC,40.9618173985,-98.2987920709,Nebraska,United States,Active
NG Lawrenceville,40.2697852903,-74.7446975393,New Jersey,United States,Active
Silver Strand South,32.5969675488,-117.128170944,California,United States,Active
Wahiawa,21.5204386438,-158.005639333,Hawaii,United States,Active
Dandan,13.3106836826,144.736799463,Guam,Guam,Active
SPAWARS South,32.6677774858,-117.240517357,California,United States,Active
Rome Laboratory,43.2214961419,-75.4097019981,New York,United States,Active
Aberdeen Proving Ground,39.3897332632,-76.2184808653,Maryland,United States,Active
Letterkenny Army Depot,40.0203299941,-77.7018175626,Pennsylvania,United States,Active
Pinon Canyon,37.4975893419,-103.918064485,Colorado,United States,Active
Skelly Stagefield AL,31.2857344505,-86.12984115,Alabama,United States,Active
Tripler Army Medical Center,21.3619820362,-157.889639813,Hawaii,United States,Active
Oak Grove,35.0231361057,-77.2587195143,North Carolina,United States,Active
JNTEXPBASE Little Creek FS VA,36.9168246358,-76.161868495,Virginia,United States,Active
NAVMEDCEN Portsmouth VA,36.8459831027,-76.3077533755,Virginia,United States,Active
NAVSUPPACT Bethesda MD,39.0019657147,-77.090338965,Maryland,United States,Active
Kirtland,34.9977382052,-106.481957879,New Mexico,United States,Active
Travis Annex  2,38.3255053712,-121.923584762,California,United States,Active
Luis Munoz Marin IAP,18.4435232394,-65.9923537212,Puerto Rico,Puerto Rico,Active
Camp Bullis Training Annex,29.6910786143,-98.561663659,Texas,United States,Active
NG Duluth NG Armory,46.8337009674,-92.1588343868,Minnesota,United States,Active
NG General Lucius D Clay National Guard Center,33.9136159677,-84.5290173714,Georgia,United States,Active
NG Camp Sherman Joint Training Center,39.3556342155,-82.9509547956,Ohio,United States,Active
NG McNary Field Salem AASF,44.9117374881,-122.99982156,Oregon,United States,Active
NG Jackson County AFRC,38.893477547,-81.829845717,West Virginia,United States,Active
NG Havre De Grace Military Res,39.53266265,-76.1041166001,Maryland,United States,Active
Target B-19,39.1711271565,-118.636032149,Nevada,United States,Active
Port Hueneme,34.1629044874,-119.208411478,California,United States,Active
NAS Jacksonville FL,30.2190944719,-81.6862419066,Florida,United States,Active
Dixie Target Range,28.0974161603,-98.7283712572,Texas,United States,Active
Cape Canaveral Air Force Station,28.4788213467,-80.5711268805,Florida,United States,Active
Solomons Island MD,38.3364781719,-76.4713794751,Maryland,United States,Active
Pine Bluff Arsenal,34.3261504449,-92.0867021569,Arkansas,United States,Active
Holston AAP,36.5255506694,-82.6442165413,Tennessee,United States,Active
Yakima Training Center,46.744530905,-120.165725249,Washington,United States,Active
Shell Basefield AL,31.3626015042,-85.8489813304,Alabama,United States,Active
Fort George G Meade,39.1046170939,-76.7454436487,Maryland,United States,Active
Scranton AAP,41.404179439,-75.6659088025,Pennsylvania,United States,Active
Watervliet Arsenal,42.7198249748,-73.7081190476,New York,United States,Active
MCLB Albany,31.5508944243,-84.0558826773,Georgia,United States,Active
MCAS Cherry Point,34.9120752465,-76.8854246963,North Carolina,United States,Active
Former NTC,32.7293500339,-117.220992794,California,United States,Active
NSA Saratoga Springs NY,43.0790804004,-73.8207400706,New York,United States,Active
Pentagon Building Site,38.8719172793,-77.0547227251,Virginia,United States,Active
Elmendorf AFB,61.2697994083,-149.811188858,Alaska,United States,Active
Fresno Yosemite International ANG,36.766535122,-119.71000318,California,United States,Active
St Louis Air Force Station,38.5912194524,-90.2083428154,Missouri,United States,Active
NG Rickenbacker (MTA),39.80503102,-82.9514625254,Ohio,United States,Active
NG Camp Withycombe Clackamas,45.412447609,-122.557961254,Oregon,United States,Active
NG TS AFRC Los Alamitos,33.7912112939,-118.052226791,California,United States,Active
NG MTA Limestone Hills,46.2740762237,-111.579816882,Montana,United States,Active
NG MTC-H Camp Grayling,44.6874716798,-84.7298829884,Michigan,United States,Active
NG Kansas,39.0201681146,-95.6832394397,Kansas,United States,Active
Waipahu,21.3620293704,-157.988002333,Hawaii,United States,Active
Dredgers Key-Sigsbee,24.5785674303,-81.7735965378,Florida,United States,Active
NAVBASE San Diego CA,32.6757646692,-117.122748674,California,United States,Active
Finegayan,13.5836144059,144.844294742,Guam,Guam,Active
Bridgeport,38.3744532716,-119.542277539,California,United States,Active
Haarp Research Station,62.4083568593,-145.155004797,Alaska,United States,Active
Fort Myer,38.8787064404,-77.0789885906,Virginia,United States,Active
Stewart Annex,41.492587342,-74.0943357501,New York,United States,Active
Joliet USARC/JTA,41.4243572171,-88.1425840657,Illinois,United States,Active
Fort Stewart,31.9935650057,-81.6167723365,Georgia,United States,Active
OLF Bronson,30.3837530139,-87.4141104616,Florida,United States,Active
Woolmarket (De Soto),30.5417021232,-88.9718210942,Mississippi,United States,Active
Hanscom AFB,42.4583211521,-71.2772680295,Massachusetts,United States,Active
Tinker Aerospace Complex,35.3943672204,-97.3971588174,Oklahoma,United States,Active
USAF Academy Auxiliary Airfield,38.7602885783,-104.301342147,Colorado,United States,Active
Joint Base Charleston North Yard,32.8751277796,-79.9700778332,South Carolina,United States,Active
Charlotte/Douglas IAP,35.216336113,-80.9298620418,North Carolina,United States,Active
NG Springfield (TS Cp Lincoln),39.8233702226,-89.6708742707,Illinois,United States,Active
NG Camp Bowie - Musgrave (Fed),31.6129210957,-98.9077016689,Texas,United States,Active
NG Camp Maxey,33.7990840775,-95.5602893853,Texas,United States,Active
NG MTA-L Camp Williams,40.427366421,-112.018173908,Utah,United States,Active
NG AASF Byrd Field,37.4941399873,-77.3126601203,Virginia,United States,Active
NG Ft Ruger,21.2628048817,-157.804556826,Hawaii,United States,Active
Tanguisson Point,13.5415720981,144.808519807,Guam,Guam,Active
Dryside,32.6848793364,-117.119468049,California,United States,Active
National City,32.6720920869,-117.113270451,California,United States,Active
NAVSUPPACT Monterey CA,36.5973431503,-121.873405389,California,United States,Active
Pumpkin Neck,38.3019872977,-77.0421948817,Virginia,United States,Active
Los Angeles AFB,33.9189436972,-118.381099896,California,United States,Active
NAVSUPPACT Mechanicsburg PA,40.2274955202,-76.9864595933,Pennsylvania,United States,Active
King Salmon Airport,58.6913501355,-156.662974128,Alaska,United States,Active
Fort Leavenworth,39.3641697603,-94.9182512152,Kansas,United States,Active
England Authority,31.3346732622,-92.5403418877,Louisiana,United States,Active
Makua Mil Reserve,21.5302283589,-158.206472387,Hawaii,United States,Active
Blossom Point Research Facility,38.421819049,-77.0922516528,Maryland,United States,Active
MCRD San Diego,32.7401689479,-117.197685657,California,United States,Active
Barry Goldwater Range,32.4982754369,-114.083222822,Arizona,United States,Active
NNSY South Gate,36.8036988938,-76.295425493,Virginia,United States,Active
Fort Sheridan,42.2096141173,-87.8061179586,Illinois,United States,Active
Naval Station Great Lakes IL,42.3134486946,-87.837631497,Illinois,United States,Active
NAS Kingsville TX,27.4989619255,-97.8128477123,Texas,United States,Active
Davis Monthan AFB,32.1608016672,-110.848722373,Arizona,United States,Active
Fairchild AFB,47.6186626303,-117.648384327,Washington,United States,Active
North Air Force Auxiliary Field,33.6025364855,-81.0785389952,South Carolina,United States,Active
Altus AFB,34.6637724659,-99.2745536786,Oklahoma,United States,Active
Channel Islands ANG Station,34.1387961484,-119.111103634,California,United States,Active
Tucson IAP,32.131404054,-110.949250831,Arizona,United States,Active
Barnes Map (ANG),42.1693653615,-72.7179961808,Massachusetts,United States,Active
Kelly Field Annex,29.3803737409,-98.5860052814,Texas,United States,Active
NG Camp Minden Training Site,32.558920284,-93.3940534723,Louisiana,United States,Active
NG Camp Bowie (State),31.6398553673,-98.9354829808,Texas,United States,Active
NG Cumming,34.2243340362,-84.113051593,Georgia,United States,Active
NG WH Ford Regional Tng Ctr,37.2776632835,-87.2010420465,Kentucky,United States,Active
Target B-20,39.8842893913,-118.362806519,Nevada,United States,Active
Fleming Key Magazine,24.5789198946,-81.7967315291,Florida,United States,Active
Truman Annex,24.5465408051,-81.8046496008,Florida,United States,Active
NMIC Suitland,38.8488448496,-76.9366921526,Maryland,United States,Active
Camp Michael Monsoor,32.6737007771,-116.443716929,California,United States,Active
NAVPMOSSP Magna Utah,40.6783887021,-112.073304281,Utah,United States,Active
Tumon,13.5097297889,144.809944738,Guam,Guam,Active
Kalaeloa,21.3205176793,-158.057471732,Hawaii,United States,Active
Keyport NUWC,47.6974412235,-122.621247466,Washington,United States,Active
Pueblo Chemical Depot,38.3171489216,-104.33242089,Colorado,United States,Active
Yuma Proving Ground,33.1053210003,-114.213605815,Arizona,United States,Active
NTC and Fort Irwin,35.3743268559,-116.633388332,California,United States,Active
Hawthorne Army Depot,38.5411518559,-118.654781649,Nevada,United States,Active
Lake City AAP,39.0968504854,-94.2501544756,Missouri,United States,Active
Point of Marsh Target,35.0110394592,-76.4580795598,North Carolina,United States,Active
MCLB Barstow,34.8595418908,-116.94453311,California,United States,Active
NAS Oceana VA,36.8137764139,-76.0309744664,Virginia,United States,Active
Tenjo Vista,13.4330059068,144.687514491,Guam,Guam,Active
Offut AFB,41.1180005456,-95.9064350192,Nebraska,United States,Active
Cavalier Asn,48.7245309314,-97.9030701569,North Dakota,United States,Active
New Boston Air Station,42.937170491,-71.6412530372,New Hampshire,United States,Active
Portland IAP ANG,45.5783794843,-122.595521925,Oregon,United States,Active
Scott AFB,38.5414818076,-89.8537036559,Illinois,United States,Active
NG Camp Gruber,35.6982004144,-95.1672665598,Oklahoma,United States,Active
NG Mead TS/FMS 06/Utes 02,41.1935295586,-96.4384536797,Nebraska,United States,Active
NG Greenlief TS/UTES 01,40.5459251377,-98.2756208599,Nebraska,United States,Active
NG Silver Bell Army Heliport,32.5228718308,-111.333461822,Arizona,United States,Active
NG Camp Villere,30.3233531244,-89.8085256308,Louisiana,United States,Active
NG New Castle Readiness Center/FMS 9,40.9793982663,-80.3247870434,Pennsylvania,United States,Active
NG Saginaw,32.8550925586,-97.3503623315,Texas,United States,Active
NG Bremerton,47.552709639,-122.681322245,Washington,United States,Active
Target B-17,39.2058446774,-118.232177679,Nevada,United States,Active
Camp Morena,32.7116634719,-116.518554891,California,United States,Active
Upper Yard Annapolis,38.9886655979,-76.4943484486,Maryland,United States,Active
Yankee Target Range,28.2458871657,-98.724210101,Texas,United States,Active
Twin Cities AAP,45.0981520846,-93.1742357902,Minnesota,United States,Inactive
Grant Training Annex,47.2162520667,-119.310549756,Washington,United States,Active
West Point Military Reservation,41.3614873711,-74.0248942546,New York,United States,Active
US Army Adelphi Laboratory Center,39.0329014118,-76.9604679336,Maryland,United States,Active
Fort Detrick Glen Haven Annex,39.0334336403,-77.0417682376,Maryland,United States,Active
Fort Wainwright,64.5447194846,-147.708445641,Alaska,United States,Active
Savanna Depot Act,42.2279934146,-90.3368472542,Illinois,United States,Inactive
Cornhusker AAP,40.9388913146,-98.5167759592,Nebraska,United States,Inactive
MCB Camp Lejeune (West Site),34.621693842,-77.4992450772,North Carolina,United States,Active
MCB Hawaii (Kaneohe Bay),21.4453917613,-157.751594777,Hawaii,United States,Active
Dam Neck,36.7885299152,-75.9653974721,Virginia,United States,Active
ALF Fentress Chesapke,36.6942700107,-76.1329722649,Virginia,United States,Active
NSWC Carderock,38.9749001795,-77.192328114,Maryland,United States,Active
Barrigada - NSA Andersen,13.4563838661,144.812569881,Guam,Guam,Active
Manchester,47.5661084246,-122.545637948,Washington,United States,Active
Los Angeles Air Force Annex No4,33.858772816,-118.235754982,California,United States,Active
Ellsworth AFB,44.1579766168,-103.094346705,South Dakota,United States,Active
Boise Air Terminal,43.5568774906,-116.222478963,Idaho,United States,Active
Hancock Field,43.1027478687,-76.1033314086,New York,United States,Active
Montgomery Regional Airport ANGB,32.3048358496,-86.4015268137,Alabama,United States,Active
Sky Harbor IAP,33.4258330523,-112.011682902,Arizona,United States,Active
Dix,40.0037812107,-74.523842926,New Jersey,United States,Active
Capital Airport,39.8478937488,-89.6677190978,Illinois,United States,Active
NG Orchard Mates Boise,43.2971106582,-116.059842836,Idaho,United States,Active
NG Bend Cotef,44.0257924999,-121.128279438,Oregon,United States,Active
NG VTS Milan,35.885569159,-88.6648080701,Tennessee,United States,Active
NG Florence Military Reservation,33.0987644874,-111.356808928,Arizona,United States,Active
NG Cambridge Springs,41.7941540406,-80.0478951,Pennsylvania,United States,Active
NG Camp Williams Tomah MTA,43.928022567,-90.269506769,Wisconsin,United States,Active
ALF Waldron,27.634308153,-97.3138397664,Texas,United States,Active
NAS Key West FL,24.5749669839,-81.69039869,Florida,United States,Active
Holloman AFB,32.9177764497,-106.133624679,New Mexico,United States,Active
Bayview Idaho,47.9773954717,-116.561529071,Idaho,United States,Active
Pohakuloa Training Area,19.7144170574,-155.626600781,Hawaii,United States,Active
Military Ocean Tml Sunny Point,34.0182119696,-77.9732412004,North Carolina,United States,Active
Waianae Kai Military Reservation,21.4469197196,-158.191081477,Hawaii,United States,Active
Picatinny Arsenal,40.9543096396,-74.5446255065,New Jersey,United States,Active
Arlington Service Ctr,38.8677348506,-77.0793350205,Virginia,United States,Active
CBC Gulfport MS,30.3779481049,-89.1263993012,Mississippi,United States,Active
UTTR - North,41.0243231993,-113.216942448,Utah,United States,Active
March ARB,33.8888501058,-117.258472446,California,United States,Active
Newington Defense Fuel Support Point,43.1138099132,-70.814765745,New Hampshire,United States,Active
Gila Bend Air Force Auxiliary Field,32.890154532,-112.728184427,Arizona,United States,Active
Lakehurst,40.0272120222,-74.3752601945,New Jersey,United States,Active
Randolph AFB,29.5294863383,-98.2783394708,Texas,United States,Active
NG Macon Readiness Center,32.8613917382,-83.6056544923,Georgia,United States,Active
NG MTA Camp Butner,36.2015259374,-78.801333792,North Carolina,United States,Active
NG MTA Camp Rilea,46.1288264462,-123.944346596,Oregon,United States,Active
NG Frankfort Boone NG Center,38.1853052947,-84.9089928237,Kentucky,United States,Active
Makaha Ridge,22.1303466109,-159.725349007,Hawaii,United States,Active
NOLF Wolf,30.3446850234,-87.5407700889,Alabama,United States,Active
NAVSUPPACT Annapolis,38.9820668667,-76.4838558469,Maryland,United States,Active
Jonathan Dickinson Tracking Annex,26.9825205984,-80.1068614293,Florida,United States,Active
